smiles,molecular_weight,logp,hbd,hba,lipinski_score,full_pass,similarity_to_seed
C=C(C)O.CC(=O)OCCCCn1cnc2cnc(N)nc21,307.35400000000004,1.8297999999999996,2,7,4,True,0.09848484848484848
CC(=O)OCC(CCn1cnc2cnc(N)nc21)COC(C)=O,321.33700000000016,0.5409999999999998,1,8,4,True,0.0916030534351145
CC(=O)OCC(CCn1cnc2cnc(N)nc21)NOC(C)=O,322.3250000000001,-0.2019999999999995,2,9,4,True,0.1037037037037037
CC(=O)OCC(CCn1cnc2cnc(N)nc21)SOC(C)=O,339.3770000000001,0.9416000000000001,1,9,4,True,0.08759124087591241
Nc1nc(=O)n([C@@H]2CS[C@@H]2CO)cc1F,231.25199999999998,-0.3866000000000003,2,5,4,True,0.07874015748031496
Nc1nc(=O)n([C@@H]2CS[C@H](CO)N2)cc1F,246.267,-0.8820000000000003,3,6,4,True,0.09302325581395349
Nc1nc(=O)n([C@@H]2CS[C@H](CO)O2)cc1F,247.25099999999998,-0.4550000000000003,2,6,4,True,0.08461538461538462
Nc1nc(NC2CC2)c2ncn([C@H]3C=C[C@@H](CO)C3)c2n1,286.33900000000006,1.0922999999999998,3,6,4,True,0.08955223880597014
