smiles,molecular_weight,logp,hbd,hba,lipinski_score,full_pass,similarity_to_seed
CN1C(=O)/C(=N\NC(N)=S)c2ccccc21,234.28400000000002,0.2003000000000002,2,3,4,True,0.06521739130434782
C[n+]1ccc(C(=O)NCc2ccccc2)cc1.[I-],354.19100000000003,-1.5548999999999982,1,1,4,True,0.15384615384615385
NC(=O)c1nc(F)cnc1O,157.10399999999998,-0.5798000000000002,2,4,4,True,0.08333333333333333
Nc1ccn([C@@H]2CS[C@H](CO)O2)c(=O)c1,228.273,0.010899999999999965,2,5,4,True,0.061224489795918366
Nc1ccn([C@@H]2CS[C@H](CO)O2)c(=O)n1,229.261,-0.5941000000000001,2,6,4,True,0.06
Nc1nc2c(ncn2CCCO)c(=O)[nH]1,209.20899999999997,-0.9158000000000002,3,5,4,True,0.06382978723404255
O=C(O)CP(=O)(O)O,140.031,-0.7513000000000001,3,2,4,True,1.0
O=C(O)P(=O)(O)O,126.00399999999998,-0.1579000000000001,3,2,4,True,0.4117647058823529
